run,state,missing,Time,TVD,Norm diff,SS ratio,agents,observations
0,4,0.0,0.062126874923706,0.054221329388857,0.0275444881190483,0.0,50,150
0,64,0.0,0.0611183643341064,16.75249143939769,0.5262468032258456,0.0,50,150
0,4,0.2,0.0491089820861816,0.0996888985124472,0.0486650366323216,0.0,50,150
0,64,0.2,0.0531167984008789,21.26476711814376,0.6730734708996109,0.0,50,150
0,4,0.4,0.043748140335083,0.1004005376447943,0.0485669988739404,0.0,50,150
0,64,0.4,0.0491211414337158,27.314451751771195,0.8695953916937118,0.0,50,150
0,4,0.6000000000000001,0.035048484802246,0.1546629673360735,0.0827392168248967,0.0,50,150
0,64,0.6000000000000001,0.0352118015289306,40.65293772865387,1.4034049178091177,0.0,50,150
0,4,0.8,0.0210332870483398,0.2653216836814128,0.1377031996021343,0.0,50,150
0,32,0.0,0.120866060256958,2.979712435232687,0.1820274391521459,0.0,50,300
0,64,0.8,0.0270678997039794,54.34133653088805,2.908016245083925,0.0,50,150
0,32,0.2,0.0841660499572753,3.719301920789124,0.2233860333431893,0.0,50,300
0,8,0.0,0.1561191082000732,0.142492980687818,0.037758612336663,0.0,150,150
0,64,0.2,0.041593313217163,19.144990442679468,0.5990220671225651,0.2,50,150
0,4,0.2,0.0511081218719482,0.0880662170522165,0.0477395111151773,0.2,50,150
0,16,0.0,0.154958963394165,0.5624235652537645,0.0719231124760909,0.0,50,500
0,32,0.4,0.0847036838531494,5.1781188050374025,0.3210700047359581,0.0,50,300
0,32,0.6000000000000001,0.0572509765625,7.457684648287725,0.4663556973920069,0.0,50,300
0,8,0.2,0.1304457187652588,0.1441227381903131,0.0381134553818539,0.0,150,150
0,4,0.4,0.0315542221069335,0.0722330855848225,0.0367202756426102,0.2,50,150
0,64,0.4,0.0506031513214111,24.254169814555866,0.7685802779716678,0.2,50,150
0,16,0.2,0.1213099956512451,0.7398228057293352,0.0961591410901673,0.0,50,500
0,32,0.8,0.0447239875793457,13.840009100161613,0.8679050939618363,0.0,50,300
0,16,0.0,0.2828776836395263,0.4177120702390058,0.0521369541841493,0.0,300,150
0,8,0.4,0.0992162227630615,0.2813527626843238,0.0714450346492404,0.0,150,150
0,4,0.0,0.2617204189300537,0.0270701240698441,0.0150637877182335,0.0,150,300
0,4,0.6000000000000001,0.0240261554718017,0.2486889768795042,0.1490001125546637,0.2,50,150
0,64,0.6000000000000001,0.0250360965728759,42.20848244163021,1.525748804952519,0.2,50,150
0,64,0.0,0.3062798976898193,6.789000450219583,0.2143403840080317,0.0,150,300
0,16,0.4,0.1199173927307128,0.9383460117192952,0.1183387276502465,0.0,50,500
0,8,0.6000000000000001,0.0821726322174072,0.3613645373628414,0.0921084097495834,0.0,150,150
0,64,0.8,0.024562120437622,50.92844893241256,2.295475173733365,0.2,50,150
0,4,0.8,0.0270671844482421,0.2258917333690756,0.1085836154570103,0.2,50,150
0,16,0.6000000000000001,0.0842952728271484,1.515851676575929,0.2008565556036799,0.0,50,500
0,8,0.8,0.0641534328460693,0.8682730441973694,0.232253993480488,0.0,150,150
0,64,0.2,0.0431702136993408,23.68490490350587,0.7502646723465168,0.4,50,150
0,4,0.2,0.0371553897857666,0.0714413768770508,0.0374947361619577,0.4,50,150
0,32,0.2,0.0762112140655517,3.3696894101011643,0.2046270978922555,0.2,50,300
0,16,0.8,0.0838782787322998,3.217426987239361,0.4113707225614562,0.0,50,500
0,16,0.2,0.2508413791656494,0.5292048461603585,0.0642293881618184,0.0,300,150
0,4,0.2,0.2444026470184326,0.0354336218731204,0.0182578607343468,0.0,150,300
0,64,0.4,0.0315682888031005,22.77169451528105,0.7281761398227109,0.4,50,150
0,8,0.2,0.1384632587432861,0.1796329762367039,0.0465511340951779,0.2,150,150
0,64,0.2,0.2484605312347412,8.568308653823022,0.2710587316210682,0.0,150,300
0,32,0.0,0.473597764968872,1.315734994555609,0.0851614939437886,0.0,150,500
0,4,0.4,0.0315639972686767,0.0477786291673538,0.0229233990243881,0.4,50,150
0,64,0.6000000000000001,0.0290718078613281,45.94607836759657,1.72855973000437,0.4,50,150
0,4,0.6000000000000001,0.0316588878631591,0.2180738523690274,0.1255509680933283,0.4,50,150
0,8,0.4,0.0996901988983154,0.2199754030096936,0.060545638423018,0.2,150,150
0,8,0.0,0.5732557773590088,0.0777612739080422,0.0192202652773018,0.0,300,300
0,64,0.8,0.0290548801422119,46.3535390334312,1.7978429274674863,0.4,50,150
0,32,0.4,0.0892248153686523,4.302385568070788,0.2667456192377283,0.2,50,300
0,4,0.8,0.022050142288208,0.2295898448077905,0.1161691337959334,0.4,50,150
0,16,0.4,0.2227463722229004,0.7123068294903815,0.0849480077237367,0.0,300,150
0,4,0.4,0.2001435756683349,0.0474368811626859,0.0269826062732215,0.0,150,300
0,64,0.2,0.036710500717163,23.755312024734497,0.7477752833594103,0.6000000000000001,50,150
0,64,0.4,0.2112979888916015,11.43274570387797,0.3588549987721436,0.0,150,300
0,4,0.2,0.0325558185577392,0.0805807013791813,0.0447260632434183,0.6000000000000001,50,150
0,8,0.6000000000000001,0.0873336791992187,0.3640479314754636,0.0984875647050102,0.2,150,150
0,64,0.4,0.0260381698608398,35.80072970584693,1.2038202551003196,0.6000000000000001,50,150
0,4,0.4,0.0256087779998779,0.2161239422410968,0.111222450009961,0.6000000000000001,50,150
0,16,0.6000000000000001,0.1584572792053222,0.9691749712438028,0.1184702775775257,0.0,300,150
0,4,0.6000000000000001,0.0210402011871337,0.2855751889724789,0.15022030000746,0.6000000000000001,50,150
0,64,0.6000000000000001,0.0315535068511962,51.27397800397114,2.256060840097531,0.6000000000000001,50,150
0,8,0.8,0.0676474571228027,0.565028838705287,0.1469458766545147,0.2,150,150
0,4,0.6000000000000001,0.1711266040802002,0.0583443814433336,0.0366917675186151,0.0,150,300
0,32,0.6000000000000001,0.0566334724426269,8.092013928650369,0.483205070892611,0.2,50,300
0,64,0.6000000000000001,0.1760206222534179,17.09321532175531,0.5446715983301623,0.0,150,300
0,4,0.8,0.0215446949005126,0.2042360582320903,0.1230751659448834,0.6000000000000001,50,150
0,64,0.8,0.0285451412200927,42.874978952338445,1.5406286038540762,0.6000000000000001,50,150
0,16,0.2,0.1393787860870361,0.6463743476229319,0.0834167954365225,0.2,50,500
0,32,0.2,0.4167573451995849,1.7083913453339377,0.1100420414862223,0.0,150,500
0,64,0.2,0.0325856208801269,24.086001087390493,0.7712295010250408,0.8,50,150
0,4,0.2,0.046097993850708,0.0784953675850703,0.0449523023696583,0.8,50,150
0,8,0.2,0.0987274646759033,0.2127271400937812,0.0589993733147664,0.4,150,150
0,16,0.8,0.1450438499450683,1.8278981153269007,0.239646536792762,0.0,300,150
0,64,0.4,0.0285646915435791,35.663337337640414,1.1929839507136717,0.8,50,150
0,4,0.8,0.1435513496398925,0.109581420148226,0.0707098150587916,0.0,150,300
0,4,0.4,0.0400984287261962,0.0770588330137836,0.0427418533748435,0.8,50,150
0,32,0.8,0.0437378883361816,11.834727220246196,0.7349674368990022,0.2,50,300
0,64,0.8,0.1599903106689453,32.83161475638268,1.079284258349766,0.0,150,300
0,8,0.4,0.1063876152038574,0.2012004771945987,0.0504154828719377,0.4,150,150
0,64,0.6000000000000001,0.0220363140106201,51.87325536774856,2.273944401170657,0.8,50,150
0,4,0.0,0.9430334568023682,0.0156395386542332,0.0081476963191279,0.0,300,500
0,4,0.6000000000000001,0.0200371742248535,0.3232152510378321,0.1771697972633161,0.8,50,150
0,64,0.0,0.9989051818847656,3.7401153534438514,0.1171345500165054,0.0,300,500
0,16,0.2,0.2429890632629394,0.4486900092031023,0.0539042445482393,0.2,300,150
0,64,0.8,0.0275568962097167,43.02094771022903,1.5523309289183829,0.8,50,150
0,4,0.8,0.0245516300201416,0.1390168160950862,0.0663341840648845,0.8,50,150
0,8,0.2,0.4666180610656738,0.1031564918471091,0.0247301142336834,0.0,300,300
0,8,0.6000000000000001,0.0851883888244628,0.4473611788732733,0.1206923518987478,0.4,150,150
0,32,0.2,0.0758092403411865,4.133253063293758,0.2566075457583905,0.4,50,300
0,64,0.0,0.0857024192810058,11.779802171210047,0.3696970081801514,0.0,50,300
0,4,0.0,0.0943508148193359,0.0427316947516855,0.0231592873220762,0.0,50,300
0,4,0.2,0.255885362625122,0.0313615754630067,0.0163579748667711,0.2,150,300
0,64,0.2,0.1013052463531494,14.966610493462074,0.4705992594598205,0.0,50,300
0,4,0.2,0.0963082313537597,0.0446526669017296,0.0251672278756706,0.0,50,300
0,8,0.8,0.0891990661621093,0.4647827925505126,0.1169930418808798,0.4,150,150
0,64,0.2,0.2842304706573486,7.856546370974946,0.2477300139019048,0.2,150,300
0,64,0.4,0.0711476802825927,19.63246964145187,0.6214756169957346,0.0,50,300
0,16,0.4,0.2255475521087646,0.6410960689929226,0.0843547943914723,0.2,300,150
0,4,0.4,0.0651485919952392,0.095554189176413,0.0519442237865619,0.0,50,300
0,32,0.4,0.3513917922973633,2.2153268642711232,0.1397739844294842,0.0,150,500
0,64,0.6000000000000001,0.0602800846099853,29.57537401853907,0.9579481820827136,0.0,50,300
0,4,0.6000000000000001,0.0596592426300048,0.080532729442564,0.0470099026928561,0.0,50,300
0,64,0.8,0.0507588386535644,49.506325433871886,2.08389336543222,0.0,50,300
0,16,0.4,0.1199193000793457,0.8170629423483948,0.1051803943190876,0.2,50,500
0,4,0.8,0.0486013889312744,0.1875675490589543,0.1030941853146769,0.0,50,300
0,8,0.2,0.1163711547851562,0.2367149673844211,0.0637436570335935,0.6000000000000001,150,150
0,32,0.4,0.0647449493408203,4.007060291961055,0.2467880924605924,0.4,50,300
0,8,0.4,0.0847227573394775,0.3596964069088397,0.0973279921778294,0.6000000000000001,150,150
0,16,0.6000000000000001,0.1585209369659423,1.2026927876167297,0.1437539666691533,0.2,300,150
0,4,0.4,0.2162823677062988,0.0255323637729696,0.0140306862394683,0.2,150,300
0,64,0.2,0.0953490734100341,13.314611653239504,0.4142672394184696,0.2,50,300
0,4,0.2,0.0877039432525634,0.051925947849571,0.0287859831486737,0.2,50,300
0,32,0.6000000000000001,0.0456118583679199,9.344823064471065,0.573912757434922,0.4,50,300
0,64,0.4,0.1897962093353271,10.117402704422256,0.3175910606972164,0.2,150,300
0,8,0.6000000000000001,0.0646672248840332,0.6295286952848204,0.155518753993831,0.6000000000000001,150,150
0,8,0.4,0.4174630641937256,0.1104156540236848,0.0279421778434293,0.0,300,300
0,32,0.6000000000000001,0.2824995517730713,3.329105701620662,0.2101813354228016,0.0,150,500
0,64,0.4,0.071152925491333,17.40282216200729,0.5504153617774118,0.2,50,300
0,8,0.8,0.0791714191436767,0.3807583153095206,0.103655056040851,0.6000000000000001,150,150
0,16,0.8,0.1534481048583984,1.7831602966630251,0.211379971302948,0.2,300,150
0,4,0.4,0.0652775764465332,0.0700855953294264,0.0389732958838148,0.2,50,300
0,32,0.8,0.0517466068267822,9.33728634483476,0.57730090736636,0.4,50,300
0,16,0.6000000000000001,0.1077830791473388,1.4753703549669526,0.1870438679062309,0.2,50,500
0,8,0.2,0.1047530174255371,0.1995366901717374,0.056284162470854,0.8,150,150
0,4,0.6000000000000001,0.1589741706848144,0.0511039612857332,0.0298520925373361,0.2,150,300
0,64,0.6000000000000001,0.0536122322082519,31.377205468776985,1.0099162569275857,0.2,50,300
0,32,0.2,0.0806760787963867,4.163344191643134,0.2545058754645482,0.6000000000000001,50,300
0,4,0.6000000000000001,0.0558028221130371,0.1618859853435798,0.0856903709993225,0.2,50,300
0,64,0.6000000000000001,0.1991240978240966,18.87164994672981,0.5943566492610258,0.2,150,300
0,8,0.4,0.1043474674224853,0.2730617060329321,0.0682507229914334,0.8,150,150
0,16,0.2,0.2223341464996338,0.5688448089504866,0.0690334591865163,0.4,300,150
0,8,0.6000000000000001,0.0666499137878418,0.6034753633080036,0.1595733707350657,0.8,150,150
0,32,0.8,0.2493634223937988,6.718890299945468,0.4300229586787636,0.0,150,500
0,64,0.8,0.0612814426422119,41.37259967567845,1.469055975609153,0.2,50,300
0,32,0.4,0.0703203678131103,6.695440990907854,0.4148603119117765,0.6000000000000001,50,300
0,16,0.4,0.2271499633789062,0.5935853542148453,0.0752817301396431,0.4,300,150
0,4,0.8,0.0442175865173339,0.1844346137349738,0.0974610866074899,0.2,50,300
0,8,0.6000000000000001,0.3432035446166992,0.1649830859287028,0.0392060892506641,0.0,300,300
0,8,0.8,0.0696206092834472,0.3093829708211811,0.079305592359879,0.8,150,150
0,4,0.8,0.1605370044708252,0.1366156884522926,0.0743588541066024,0.2,150,300
0,64,0.2,0.0797033309936523,16.90096417800744,0.5299206994948529,0.4,50,300
0,4,0.2,0.0798177719116211,0.0419416566070276,0.0241224261780575,0.4,50,300
0,64,0.8,0.1609764099121093,26.107002202442747,0.8339732493664024,0.2,150,300
0,32,0.6000000000000001,0.0431032180786132,11.51931757857714,0.7296301551296377,0.6000000000000001,50,300
0,16,0.8,0.087329626083374,2.1751808512491912,0.2841141590610029,0.2,50,500
0,16,0.6000000000000001,0.1385018825531005,1.4128594723067245,0.1832540679373514,0.4,300,150
0,4,0.2,0.8689465522766113,0.0216028049512417,0.0114753666960899,0.0,300,500
0,64,0.2,0.8374087810516357,4.6054557845659785,0.1435273963838071,0.0,300,500
0,64,0.4,0.0888721942901611,16.406487295657605,0.5101448228289625,0.4,50,300
0,4,0.4,0.0892474651336669,0.0595982193583217,0.0336759711580043,0.4,50,300
0,8,0.0,0.3020241260528564,0.1202243968734759,0.0299817414779031,0.0,150,300
0,32,0.8,0.0626351833343505,7.915127853891017,0.4849508222772822,0.6000000000000001,50,300
0,4,0.2,0.2205884456634521,0.0319337151433758,0.0163693871484771,0.4,150,300
0,16,0.8,0.1352841854095459,1.1938735207120823,0.1463695451412032,0.4,300,150
0,32,0.2,0.086698293685913,4.246378783926245,0.2617268398610902,0.8,50,300
0,64,0.2,0.2171077728271484,9.71554392793272,0.3062910327310424,0.4,150,300
0,64,0.6000000000000001,0.0572512149810791,36.16454202223926,1.2074795199190085,0.4,50,300
0,4,0.6000000000000001,0.0501220226287841,0.1408154056373051,0.0846708503949191,0.4,50,300
0,8,0.2,0.2468214035034179,0.1206633237053574,0.0323804184447592,0.0,150,300
0,8,0.8,0.3109440803527832,0.3190642970242347,0.0750058228507102,0.0,300,300
0,32,0.2,0.4359889030456543,1.4852508761087824,0.0980811848919759,0.2,150,500
0,16,0.2,0.1179256439208984,0.7264744990362049,0.0917947685807062,0.4,50,500
0,32,0.4,0.071629524230957,4.059748071546656,0.2498386206426301,0.8,50,300
0,4,0.4,0.2112653255462646,0.0401006800435883,0.0221831963477582,0.4,150,300
0,16,0.2,0.2197844982147216,0.5887349775914581,0.0707290362873978,0.6000000000000001,300,150
0,8,0.4,0.1941883563995361,0.1857004847393642,0.0489389731492604,0.0,150,300
0,64,0.8,0.045630931854248,35.66419938755126,1.1907043976357403,0.4,50,300
0,4,0.8,0.0431971549987793,0.1771597145544366,0.0927193924527216,0.4,50,300
0,64,0.4,0.228696584701538,9.545177690322488,0.2988266771558788,0.4,150,300
0,64,0.2,0.0949478149414062,16.387780834258265,0.5143072854487358,0.6000000000000001,50,300
0,32,0.6000000000000001,0.0598471164703369,13.287681487968651,0.8588718524474868,0.8,50,300
0,4,0.2,0.088357925415039,0.0522826125435223,0.0297169644091413,0.6000000000000001,50,300
0,8,0.6000000000000001,0.2008733749389648,0.2753784517486763,0.0727779597990221,0.0,150,300
0,8,0.2,0.5393185615539551,0.0980398367282598,0.02328641051504,0.2,300,300
0,16,0.4,0.1892704963684082,0.9265513330999507,0.1187695183152537,0.6000000000000001,300,150
0,4,0.6000000000000001,0.1515853404998779,0.0640428053911464,0.0322808867269515,0.4,150,300
0,16,0.4,0.113868236541748,0.7425140766106093,0.0954794448136872,0.4,50,500
0,64,0.4,0.056124210357666,25.69911185636412,0.8138389874923538,0.6000000000000001,50,300
0,32,0.8,0.0501120090484619,7.965589115114618,0.4964370757272846,0.8,50,300
0,8,0.8,0.1352629661560058,0.4870709945739917,0.1270981720186817,0.0,150,300
0,4,0.4,0.0541143417358398,0.0882678710175625,0.0476305596138845,0.6000000000000001,50,300
0,64,0.6000000000000001,0.1429028511047363,21.29510607405757,0.6751347174888422,0.4,150,300
0,16,0.6000000000000001,0.145909309387207,1.678741167900632,0.2057666189917834,0.6000000000000001,300,150
0,32,0.0,0.1756188869476318,2.266837718134852,0.1441797684965243,0.0,50,500
0,64,0.6000000000000001,0.0445871353149414,42.18730088971479,1.4647106914810513,0.6000000000000001,50,300
0,4,0.6000000000000001,0.0467097759246826,0.1890486976697108,0.1039992749243651,0.6000000000000001,50,300
0,32,0.4,0.3564515113830566,1.8846341849777288,0.1200462828648076,0.2,150,500
0,32,0.2,0.1463956832885742,2.869272497595503,0.1834137710456245,0.0,50,500
0,8,0.2,0.2432143688201904,0.122773136521168,0.0316515021526885,0.2,150,300
0,4,0.8,0.134913682937622,0.0844604804822049,0.0448812824117721,0.4,150,300
0,32,0.4,0.117936372756958,3.739149995106545,0.2306027604538686,0.0,50,500
0,16,0.8,0.1494674682617187,1.2870319297828687,0.1550260097741961,0.6000000000000001,300,150
0,32,0.6000000000000001,0.086308479309082,5.94627874178361,0.3770281994350111,0.0,50,500
0,64,0.8,0.1314239501953125,21.003425834297964,0.6589819346258434,0.4,150,300
0,64,0.8,0.0521483421325683,34.697792015271844,1.1405224613714302,0.6000000000000001,50,300
0,4,0.8,0.0446767807006835,0.1461956414951792,0.0778095862261806,0.6000000000000001,50,300
0,16,0.6000000000000001,0.082831859588623,1.9411389977581552,0.2403912528010306,0.4,50,500
0,64,0.4,0.6611423492431641,6.239005308831532,0.1956664681061345,0.0,300,500
0,32,0.8,0.0752432346343994,12.147736431494428,0.7954155229439963,0.0,50,500
0,4,0.4,0.656104564666748,0.0264423955382104,0.0174196755570673,0.0,300,500
0,8,0.4,0.4310901165008545,0.1171387429659065,0.0276969128019942,0.2,300,300
0,64,0.2,0.0671186447143554,16.556677066815062,0.5232294643906196,0.8,50,300
0,4,0.2,0.0827701091766357,0.0687768049795601,0.03492793979198,0.8,50,300
0,8,0.4,0.1905171871185302,0.1644625897136483,0.0415513622683231,0.2,150,300
0,4,0.2,0.2010407447814941,0.044078126115454,0.0235645737275603,0.6000000000000001,150,300
0,16,0.2,0.1915643215179443,0.5900286166948308,0.0698040549175,0.8,300,150
0,64,0.2,0.2086133956909179,9.746945559372506,0.310890532516074,0.6000000000000001,150,300
0,64,0.4,0.0587949752807617,26.09191306368329,0.8389941018222241,0.8,50,300
0,4,0.4,0.0562870502471923,0.0713849641453088,0.0377617585832525,0.8,50,300
0,16,0.4,0.1662933826446533,1.0551942555789244,0.1297209026534806,0.8,300,150
0,64,0.6000000000000001,0.0487070083618164,44.575830810933226,1.618154219834938,0.8,50,300
0,4,0.4,0.1696004867553711,0.0538600169276912,0.0289076816123325,0.6000000000000001,150,300
0,8,0.6000000000000001,0.156574010848999,0.2625913553669872,0.070623398946384,0.2,150,300
0,4,0.6000000000000001,0.0411028861999511,0.1963821140744899,0.1224486950920696,0.8,50,300
0,32,0.2,0.1585745811462402,2.597081552226233,0.1667841933658821,0.2,50,500
0,16,0.8,0.0882103443145752,1.6458767200571678,0.218044143304817,0.4,50,500
0,64,0.4,0.1663923263549804,15.39247759900699,0.4833016407732228,0.6000000000000001,150,300
0,16,0.6000000000000001,0.1214232444763183,1.7906593952656502,0.2226102062834157,0.8,300,150
0,64,0.8,0.0542631149291992,33.02456007466585,1.0807742029330312,0.8,50,300
0,32,0.6000000000000001,0.2803652286529541,3.5939619271841603,0.2292019723283283,0.2,150,500
0,4,0.8,0.0497677326202392,0.107957404234958,0.0574356743985667,0.8,50,300
0,8,0.6000000000000001,0.3168325424194336,0.1759577082062306,0.0464003752602369,0.2,300,300
0,8,0.8,0.1366934776306152,0.3089098667351762,0.0796873609169252,0.2,150,300
0,16,0.2,0.1211729049682617,0.8026856176213725,0.101671627141085,0.6000000000000001,50,500
0,16,0.8,0.1517679691314697,1.2294196275181484,0.1473305468643432,0.8,300,150
0,64,0.0,0.1709706783294677,9.032477833783386,0.2828463551921917,0.0,50,500
0,4,0.6000000000000001,0.1468067169189453,0.0962634477881032,0.0481444637917032,0.6000000000000001,150,300
0,4,0.0,0.1633386611938476,0.0415876572979396,0.0206191343308359,0.0,50,500
0,64,0.2,0.1424393653869629,11.349226317747892,0.3586752072995557,0.0,50,500
0,4,0.2,0.1399250030517578,0.0518101178102357,0.0241579719750314,0.0,50,500
0,32,0.4,0.1364099979400634,3.4608952724571176,0.2231049635555079,0.2,50,500
0,64,0.6000000000000001,0.1605069637298584,27.283569921715525,0.8847278403660395,0.6000000000000001,150,300
0,4,0.4,0.106729507446289,0.0600644669367397,0.0318097853239699,0.0,50,500
0,64,0.4,0.1107289791107177,14.926434778752755,0.4691043674773194,0.0,50,500
0,4,0.6000000000000001,0.0872230529785156,0.1333460121637537,0.0661715338389176,0.0,50,500
0,64,0.6000000000000001,0.098381757736206,23.03271752830229,0.73283564659038,0.0,50,500
0,8,0.2,0.2160828113555908,0.1618151609951541,0.0421298347456466,0.4,150,300
0,64,0.8,0.0819580554962158,41.460173381036896,1.4549240398923386,0.0,50,500
0,4,0.8,0.0895137786865234,0.1150724596790888,0.0568906495704044,0.0,50,500
0,4,0.8,0.1486454010009765,0.0699218090657251,0.0340412097815789,0.6000000000000001,150,300
0,16,0.4,0.0898866653442382,1.2133070362805265,0.1555415318421489,0.6000000000000001,50,500
0,64,0.6000000000000001,0.6065020561218262,9.210218368210509,0.2848320594187375,0.0,300,500
0,64,0.8,0.1439526081085205,19.32008402957048,0.6059545394686207,0.6000000000000001,150,300
0,4,0.6000000000000001,0.5843992233276367,0.0256833948608699,0.0132829281119385,0.0,300,500
0,8,0.4,0.2220957279205322,0.1521044835555794,0.0365386532109918,0.4,150,300
0,32,0.6000000000000001,0.0836601257324218,6.367923611395188,0.4084697836662051,0.2,50,500
0,16,0.0,0.6061201095581055,0.3088533470644307,0.0404045749473961,0.0,300,300
0,4,0.2,0.196479320526123,0.0413119473599131,0.0221014054533933,0.8,150,300
0,8,0.8,0.2655994892120361,0.2864768865093288,0.0726957590891047,0.2,300,300
0,32,0.8,0.2372381687164306,4.9832176035556,0.3165063980659224,0.2,150,500
0,64,0.2,0.1298816204071045,10.29368445691393,0.3266616305171968,0.2,50,500
0,4,0.2,0.1367759704589843,0.0493893701383057,0.0254417112724519,0.2,50,500
0,64,0.2,0.2275834083557129,9.652020462573091,0.3024014087762049,0.8,150,300
0,16,0.6000000000000001,0.0812540054321289,2.2393237730999367,0.2820828814689489,0.6000000000000001,50,500
0,8,0.6000000000000001,0.1439225673675537,0.3355801200997665,0.0905546316431304,0.4,150,300
0,4,0.4,0.181018590927124,0.0550771054332903,0.0314952522795517,0.8,150,300
0,32,0.8,0.0857684612274169,8.67287609655374,0.5454051234602867,0.2,50,500
0,64,0.4,0.1777088642120361,15.672971592357062,0.4971046893013155,0.8,150,300
0,16,0.2,0.4892251491546631,0.37886877402218,0.0461268107084358,0.0,300,300
0,64,0.4,0.1097090244293212,13.158813336047048,0.4130045041262666,0.2,50,500
0,4,0.4,0.1123840808868408,0.0742966963127419,0.0371440078952498,0.2,50,500
0,8,0.8,0.1693835258483886,0.4236170064027051,0.104347703389745,0.4,150,300
0,4,0.6000000000000001,0.1349387168884277,0.0669583459679206,0.0369446330264453,0.8,150,300
0,8,0.2,0.4432735443115234,0.1164968337568576,0.0279371856342579,0.4,300,300
0,32,0.2,0.3675873279571533,1.852098482846356,0.1181506566768069,0.4,150,500
0,16,0.8,0.0766534805297851,1.452724668658521,0.1823477217511842,0.6000000000000001,50,500
0,64,0.6000000000000001,0.1406314373016357,29.95973886253304,0.9818272679168956,0.8,150,300
0,32,0.2,0.1202607154846191,3.279132862520714,0.2114103580880388,0.4,50,500
0,8,0.2,0.2045402526855468,0.1685697353079601,0.0434712352289107,0.6000000000000001,150,300
0,4,0.8,0.1469125747680664,0.0583363541779018,0.0335199383759766,0.8,150,300
0,16,0.2,0.1277878284454345,0.7948408269705004,0.0997161793337478,0.8,50,500
0,64,0.6000000000000001,0.0958106517791748,25.35618338558027,0.7962273807471133,0.2,50,500
0,64,0.8,0.5058164596557617,18.403674691364465,0.5740714095996916,0.0,300,500
0,16,0.4,0.4315969944000244,0.46371173287516,0.0596221993543233,0.0,300,300
0,8,0.4,0.4482583999633789,0.0953784657179158,0.0252815619196521,0.4,300,300
0,4,0.6000000000000001,0.1194519996643066,0.1143402518083234,0.0602566940692088,0.2,50,500
0,4,0.8,0.4938888549804687,0.0874824183244246,0.0507420000919569,0.0,300,500
0,64,0.8,0.1492831707000732,18.82624704806237,0.5952156228217831,0.8,150,300
0,8,0.4,0.1745843887329101,0.2838746068841237,0.0747150377913553,0.6000000000000001,150,300
0,32,0.4,0.1123518943786621,3.0992120149914566,0.2013950179339936,0.4,50,500
0,32,0.4,0.3635869026184082,1.7848903682777733,0.1125976774640416,0.4,150,500
0,16,0.4,0.1083378791809082,1.2127299693895992,0.1588933528732471,0.8,50,500
0,4,0.0,0.4589016437530517,0.0293126782652818,0.0169258279265682,0.0,150,500
0,64,0.8,0.0767426490783691,33.53877469988602,1.1066393181043392,0.2,50,500
0,4,0.8,0.0973463058471679,0.0848325989699912,0.0411092534397115,0.2,50,500
0,16,0.6000000000000001,0.356943130493164,0.7155450416743194,0.0907273813538461,0.0,300,300
0,8,0.6000000000000001,0.1595087051391601,0.3772813502393871,0.09779717938112,0.6000000000000001,150,300
0,64,0.0,0.5139403343200684,5.37795200787446,0.1701493345520212,0.0,150,500
0,32,0.6000000000000001,0.0842866897583007,7.639930925795889,0.4754419280480918,0.4,50,500
0,8,0.6000000000000001,0.2863221168518066,0.1972308334212104,0.0467854651336704,0.4,300,300
0,4,0.2,0.4259064197540283,0.025031071885349,0.0134924201562062,0.0,150,500
0,16,0.6000000000000001,0.0752577781677246,2.5351243361802087,0.3465034767383942,0.8,50,500
0,64,0.2,0.8395702838897705,4.235715706268921,0.132853442465282,0.2,300,500
0,64,0.2,0.1157681941986084,13.040290638498332,0.4120415490826908,0.4,50,500
0,4,0.2,0.8304193019866943,0.0163367995631308,0.008501693429472,0.2,300,500
0,8,0.8,0.1636500358581543,0.3320002958894757,0.0893806300558773,0.6000000000000001,150,300
0,4,0.2,0.130145788192749,0.064924193402077,0.0339242226207391,0.4,50,500
0,64,0.2,0.4282858371734619,6.6373247285549,0.2072412107890622,0.0,150,500
0,16,0.8,0.3111200332641601,1.398304884637244,0.1746199311320924,0.0,300,300
0,32,0.6000000000000001,0.2728786468505859,4.435094995674644,0.2831182546589549,0.4,150,500
0,8,0.2,0.2226929664611816,0.1565196431922411,0.040956890520651,0.8,150,300
0,32,0.8,0.0823278427124023,7.140641805984197,0.460966744397162,0.4,50,500
0,4,0.4,0.3564972877502441,0.0466982977542811,0.0294641244603588,0.0,150,500
0,16,0.8,0.0962705612182617,1.578543327260253,0.2012759666026078,0.8,50,500
0,64,0.4,0.1243586540222168,12.25668639995836,0.3847446927820968,0.4,50,500
0,4,0.4,0.1370012760162353,0.0480833229268029,0.0227208028102551,0.4,50,500
0,8,0.8,0.2741119861602783,0.1962888228311027,0.0486446323607904,0.4,300,300
0,64,0.4,0.3693788051605224,8.717437639424492,0.2727212862935232,0.0,150,500
0,16,0.2,0.5173559188842773,0.339832071357767,0.046002761782137,0.2,300,300
0,16,0.0,0.1374056339263916,0.6405641780805362,0.0802602454890951,0.0,150,150
0,16,0.2,0.1183583736419677,0.7601379233698171,0.0976693175894452,0.0,150,150
0,8,0.4,0.1589488983154297,0.3035502742359768,0.0783241879148831,0.8,150,300
0,32,0.2,0.1333909034729004,3.145744549891022,0.2034871620090641,0.6000000000000001,50,500
0,16,0.4,0.1054232120513916,0.9221482431144826,0.1255623157829151,0.0,150,150
0,4,0.6000000000000001,0.2900543212890625,0.1036107957528883,0.0711216663335085,0.0,150,500
0,16,0.6000000000000001,0.0931763648986816,1.476772128482458,0.1926460256344111,0.0,150,150
0,16,0.8,0.0713069438934326,3.123300906352375,0.4147875281813235,0.0,150,150
0,64,0.6000000000000001,0.300966739654541,13.446165730269303,0.4215994104343008,0.0,150,500
0,16,0.2,0.123845100402832,0.7302487722248154,0.0957384849150825,0.2,150,150
0,64,0.6000000000000001,0.0962052345275878,28.89783978252895,0.936946556164092,0.4,50,500
0,4,0.6000000000000001,0.081273078918457,0.0937111610111332,0.0463120631465711,0.4,50,500
0,8,0.6000000000000001,0.1414024829864502,0.4053790912686331,0.1022347555794686,0.8,150,300
0,32,0.8,0.2421205043792724,3.928277304305192,0.2537692931266647,0.4,150,500
0,16,0.4,0.0992774963378906,0.9209333825077112,0.1147991868696201,0.2,150,150
0,4,0.8,0.2406253814697265,0.1437496707784839,0.0815129129272328,0.0,150,500
0,32,0.4,0.1061921119689941,4.974327571437435,0.3249363974760277,0.6000000000000001,50,500
0,16,0.6000000000000001,0.0806541442871093,1.6240675960877988,0.2070240481114239,0.2,150,150
0,16,0.4,0.3860092163085937,0.4375095647415123,0.0556440834141012,0.2,300,300
0,8,0.2,0.4267609119415283,0.0987069412270259,0.0233512472287212,0.6000000000000001,300,300
0,16,0.8,0.0736446380615234,2.3947259778264423,0.3017270611266545,0.2,150,150
0,8,0.8,0.132918119430542,0.3048652844574731,0.0763753853794599,0.8,150,300
0,64,0.8,0.2623417377471924,26.504183490483527,0.8251481606782003,0.0,150,500
0,16,0.2,0.1133193969726562,0.8781412274362603,0.1118284994435809,0.4,150,150
0,64,0.4,0.6739356517791748,5.598053371751348,0.1745988198020352,0.2,300,500
0,64,0.8,0.0812821388244628,27.666592457720604,0.882456377393432,0.4,50,500
0,4,0.4,0.6858420372009277,0.0337377856849879,0.0198754832935372,0.2,300,500
0,16,0.4,0.1135029792785644,0.844980975920514,0.1082556947740854,0.4,150,150
0,4,0.8,0.0818431377410888,0.1192627196215724,0.0531960710373973,0.4,50,500
0,16,0.6000000000000001,0.0712308883666992,1.7394906118600295,0.2177236267821806,0.4,150,150
0,32,0.6000000000000001,0.0726559162139892,8.729405296945622,0.5705993657715709,0.6000000000000001,50,500
0,4,0.2,0.4037966728210449,0.0382503998427631,0.0204887221013663,0.2,150,500
0,32,0.2,0.3591494560241699,1.8059737313822848,0.1150384657621701,0.6000000000000001,150,500
0,16,0.8,0.0897085666656494,1.8119497510671352,0.2408511698483231,0.4,150,150
0,64,0.2,0.131932258605957,12.90553953961501,0.4104718676493438,0.6000000000000001,50,500
0,8,0.0,0.5030436515808105,0.080210406969863,0.019247053530875,0.0,150,500
0,4,0.2,0.1249256134033203,0.0549841172991249,0.0253913362151239,0.6000000000000001,50,500
0,16,0.2,0.096794843673706,0.8961712359994518,0.1171501432566222,0.6000000000000001,150,150
0,16,0.6000000000000001,0.3214175701141357,0.7615207028714706,0.0931292332521729,0.2,300,300
0,64,0.2,0.4111347198486328,6.089739815508881,0.1904974457278374,0.2,150,500
0,8,0.4,0.3297655582427978,0.1585790520887684,0.0401079689659482,0.6000000000000001,300,300
0,16,0.4,0.0808038711547851,1.399596227906143,0.1836784327970234,0.6000000000000001,150,150
0,32,0.8,0.0742661952972412,6.051168034491639,0.3866368172778314,0.6000000000000001,50,500
0,16,0.6000000000000001,0.0637662410736084,2.418542453481863,0.3142889060414116,0.6000000000000001,150,150
0,64,0.4,0.0971655845642089,20.37637900526104,0.6371359660070345,0.6000000000000001,50,500
0,16,0.8,0.0761611461639404,1.736370136986606,0.224428338218616,0.6000000000000001,150,150
0,8,0.2,0.4238746166229248,0.1076498502660313,0.0283429486532473,0.0,150,500
0,4,0.4,0.1012129783630371,0.0777228839563725,0.0414335569068466,0.6000000000000001,50,500
0,16,0.2,0.1003649234771728,0.8616616001916737,0.109868708468679,0.8,150,150
0,32,0.2,0.1419360637664795,3.115737938074264,0.2003883099401943,0.8,50,500
0,4,0.4,0.3570396900177002,0.0330230181035445,0.0196030319065586,0.2,150,500
0,16,0.4,0.0797715187072753,1.4067274135721552,0.1919096372766121,0.8,150,150
0,32,0.4,0.3104252815246582,2.9055230230993683,0.1882438036371753,0.6000000000000001,150,500
0,16,0.6000000000000001,0.0617372989654541,2.7452174689554214,0.345672945455785,0.8,150,150
0,16,0.8,0.3099393844604492,1.16683564137442,0.1464204784395029,0.2,300,300
0,8,0.4,0.341536283493042,0.1319225838226987,0.0323734938940162,0.0,150,500
0,16,0.8,0.0711383819580078,1.757200077487708,0.2260011036295959,0.8,150,150
0,64,0.4,0.3714396953582763,7.914440927245508,0.2503814369230967,0.2,150,500
0,64,0.6000000000000001,0.074277639389038,34.32186782461371,1.1131696599581231,0.6000000000000001,50,500
0,8,0.6000000000000001,0.28377366065979,0.2663446145632135,0.0656234139672486,0.6000000000000001,300,300
0,4,0.6000000000000001,0.0767962932586669,0.188477989614591,0.1109939147665712,0.6000000000000001,50,500
0,32,0.4,0.08367919921875,5.0237609833866,0.316599591664365,0.8,50,500
0,16,0.0,0.2787258625030517,0.4273449129751686,0.054139076739659,0.0,150,300
0,8,0.6000000000000001,0.2859160900115967,0.2092656664767536,0.0503363133195476,0.0,150,500
0,64,0.6000000000000001,0.5281212329864502,10.39054473048649,0.3235523823367059,0.2,300,500
0,64,0.8,0.0772662162780761,25.65541875234593,0.8112122621971682,0.6000000000000001,50,500
0,16,0.2,0.2496678829193115,0.5353876381428467,0.0692708117127652,0.0,150,300
0,4,0.8,0.0802552700042724,0.1036508716081152,0.046768859103988,0.6000000000000001,50,500
0,4,0.6000000000000001,0.5275683403015137,0.03641318809903,0.0186760803951688,0.2,300,500
0,32,0.6000000000000001,0.0873167514801025,10.074316518390766,0.6554955268435594,0.8,50,500
0,4,0.6000000000000001,0.2578074932098388,0.0836771107742775,0.0526903602465718,0.2,150,500
0,16,0.2,0.4282529354095459,0.4353367338459682,0.0559508241289755,0.4,300,300
0,16,0.4,0.1988112926483154,0.6676208400707336,0.0820068504557934,0.0,150,300
0,8,0.8,0.3055524826049804,0.1837091780427995,0.0455351900812778,0.6000000000000001,300,300
0,32,0.6000000000000001,0.2498314380645752,5.053513747720018,0.3259451961059154,0.6000000000000001,150,500
0,8,0.8,0.2383127212524414,0.3836565991739975,0.0997251885905829,0.0,150,500
0,64,0.2,0.1218709945678711,12.79111947045643,0.4002777905963007,0.8,50,500
0,4,0.2,0.107398509979248,0.04884777487378,0.0244718350067003,0.8,50,500
0,64,0.6000000000000001,0.2788989543914795,14.405635424399778,0.4512637369152942,0.2,150,500
0,16,0.6000000000000001,0.1560845375061035,1.048250246301186,0.1342382506172866,0.0,150,300
0,16,0.4,0.4416625499725342,0.3977715819729914,0.0520396340985324,0.4,300,300
0,16,0.8,0.1394281387329101,1.9192071771301733,0.2446639390464785,0.0,150,300
0,32,0.8,0.084817886352539,6.487793761097329,0.4123844425020175,0.8,50,500
0,64,0.4,0.0948612689971923,20.75231381563747,0.655523785913191,0.8,50,500
0,32,0.0,0.1469476222991943,2.513101954861553,0.1627523444598577,0.0,150,150
0,4,0.4,0.0923004150390625,0.0567762545411102,0.0263191385467844,0.8,50,500
0,32,0.2,0.1325521469116211,3.0970720542371786,0.1978003886938307,0.0,150,150
0,16,0.2,0.2514631748199463,0.4894412728285054,0.0646622366183084,0.2,150,300
0,8,0.2,0.4075188636779785,0.0895449826150314,0.0211697259204872,0.2,150,500
0,32,0.4,0.099219799041748,4.007104036288272,0.2557491529730771,0.0,150,150
0,8,0.2,0.4369256496429443,0.0936810929530161,0.0228112751993969,0.8,300,300
0,4,0.8,0.2392828464508056,0.1038183346776326,0.0607964815087684,0.2,150,500
0,32,0.6000000000000001,0.0892982482910156,6.102566444746289,0.3903053624601058,0.0,150,150
0,32,0.8,0.2494628429412841,3.8376368250230968,0.2472007423365559,0.6000000000000001,150,500
0,32,0.8,0.0782442092895507,12.021966305105696,0.7836834944136102,0.0,150,150
0,32,0.2,0.1327297687530517,2.8112594362877656,0.184067914386362,0.2,150,150
0,16,0.4,0.2255299091339111,0.5861617639553725,0.0730243640670164,0.2,150,300
0,64,0.8,0.2555086612701416,19.59058362292869,0.6151524983191653,0.2,150,500
0,64,0.6000000000000001,0.0792927742004394,37.157323624270646,1.256996267685374,0.8,50,500
0,32,0.4,0.1023521423339843,3.5242371882532586,0.2300406322323736,0.2,150,150
0,4,0.6000000000000001,0.0768022537231445,0.2786337895571263,0.1427722171159985,0.8,50,500
0,16,0.6000000000000001,0.300959825515747,0.8936010237555427,0.112602921088116,0.4,300,300
0,32,0.6000000000000001,0.0799193382263183,6.622116361119652,0.42050196716859,0.2,150,150
0,32,0.8,0.0743641853332519,9.303628622441185,0.6027077089097789,0.2,150,150
0,16,0.6000000000000001,0.160109281539917,1.1523446909099135,0.1495601842598433,0.2,150,300
0,32,0.2,0.0971808433532714,3.5200527400083232,0.2236099222553167,0.4,150,150
0,8,0.4,0.3264644145965576,0.1137373146299735,0.0271700942481649,0.2,150,500
0,32,0.2,0.3593926429748535,1.927543211848597,0.123993839302111,0.8,150,500
0,32,0.4,0.1002256870269775,3.5340572782298536,0.2251015655015448,0.4,150,150
0,64,0.8,0.092686653137207,24.2531750015282,0.7676580656028441,0.8,50,500
0,8,0.4,0.3676509857177734,0.1669339399131716,0.0425036471774452,0.8,300,300
0,4,0.2,0.3470137119293213,0.0369361401096822,0.0184859762561866,0.4,150,500
0,64,0.8,0.4763622283935547,13.985404501167574,0.4319269249999547,0.2,300,500
0,4,0.8,0.094484806060791,0.078828508362638,0.0437104725971266,0.8,50,500
0,32,0.6000000000000001,0.069145917892456,7.768027768633056,0.4963334202610776,0.4,150,150
0,4,0.8,0.4920427799224853,0.0343863754814149,0.0170244479282674,0.2,300,500
0,16,0.8,0.1484792232513427,1.462880917634343,0.1864220148183003,0.2,150,300
0,64,0.0,0.1565492153167724,9.742190290705608,0.3046334990667177,0.0,150,150
0,4,0.0,0.1324317455291748,0.0281069817643337,0.0128994293089715,0.0,150,150
0,32,0.8,0.0833325386047363,7.595145750346907,0.4830376515619694,0.4,150,150
0,64,0.2,0.1128904819488525,12.389724662499424,0.3931326119795197,0.0,150,150
0,4,0.2,0.1157450675964355,0.0367837654176827,0.0173160586769735,0.0,150,150
0,16,0.8,0.3095033168792724,0.9432508800135706,0.1175585803074133,0.4,300,300
0,64,0.2,0.3637561798095703,7.459702578184926,0.2346364507136354,0.4,150,500
0,64,0.4,0.1238889694213867,15.945684834946103,0.503241761191207,0.0,150,150
0,4,0.4,0.0928347110748291,0.0605560779861425,0.0294478870136634,0.0,150,150
0,32,0.2,0.0968291759490966,3.5525153262534497,0.2268305855045794,0.6000000000000001,150,150
0,64,0.6000000000000001,0.0887072086334228,24.010383184345528,0.7652898175121571,0.0,150,150
0,4,0.6000000000000001,0.0937280654907226,0.0880467591817691,0.0412155935760491,0.0,150,150
0,64,0.8,0.087796926498413,43.42048717223506,1.5569782967471597,0.0,150,150
0,4,0.8,0.0646610260009765,0.1859761152071759,0.0917971241129889,0.0,150,150
0,16,0.2,0.2256293296813964,0.5920733421960943,0.0754542465213401,0.4,150,300
0,32,0.4,0.0808391571044921,5.4393904108254265,0.3436928716695236,0.6000000000000001,150,150
0,64,0.2,0.1268808841705322,11.108590894574853,0.3477259962173661,0.2,150,150
0,4,0.2,0.1238625049591064,0.0450827736936896,0.0220721666754656,0.2,150,150
0,32,0.6000000000000001,0.0716941356658935,9.396719905761884,0.6073735148564651,0.6000000000000001,150,150
0,4,0.4,0.3309102058410644,0.0405401557490975,0.0266623259008122,0.4,150,500
0,64,0.4,0.1133553981781005,14.22407624343202,0.4467553226654275,0.2,150,150
0,4,0.4,0.1033422946929931,0.0614812335500252,0.0276644830149835,0.2,150,150
0,16,0.4,0.2052035331726074,0.5604864577004958,0.0720636583759755,0.4,150,300
0,32,0.8,0.0847456455230712,6.458489892314461,0.4191595841420672,0.6000000000000001,150,150
0,32,0.4,0.2867856025695801,2.9453216764009813,0.1843955744368889,0.8,150,500
0,64,0.6000000000000001,0.082179307937622,26.95218377965675,0.8756611042378976,0.2,150,150
0,8,0.6000000000000001,0.263101577758789,0.2392485116733186,0.0598589405922561,0.2,150,500
0,8,0.6000000000000001,0.2642784118652344,0.3202897492498948,0.0789993372832118,0.8,300,300
0,4,0.6000000000000001,0.0787827968597412,0.1011208076515471,0.0509916253930357,0.2,150,150
0,32,0.2,0.0953142642974853,3.435192296503076,0.2171004040924153,0.8,150,150
0,64,0.8,0.07066011428833,36.60153648696983,1.2369967137422988,0.2,150,150
0,64,0.4,0.4083263874053955,7.152994479276712,0.2239509635560302,0.4,150,500
0,4,0.8,0.0699193477630615,0.1401823012225876,0.0820276141004502,0.2,150,150
0,32,0.4,0.0746347904205322,5.561447322368833,0.3497181230139585,0.8,150,150
0,64,0.2,0.1132822036743164,11.044839490029217,0.3455567072605231,0.4,150,150
0,16,0.2,0.4308722019195556,0.4586698998729762,0.0617146477344836,0.6000000000000001,300,300
0,4,0.2,0.1014328002929687,0.0377787897174813,0.0191560722140404,0.4,150,150
0,64,0.4,0.1129953861236572,13.217297021344914,0.4137742645753779,0.4,150,150
0,16,0.6000000000000001,0.1647274494171142,1.2940523257350178,0.1511232518053573,0.4,150,300
0,32,0.6000000000000001,0.0856814384460449,10.508546707636013,0.6819756001018387,0.8,150,150
0,4,0.4,0.1068925857543945,0.0452934729555563,0.0217196148840568,0.4,150,150
0,64,0.6000000000000001,0.073655366897583,30.616553923913614,1.0208884736601904,0.4,150,150
0,32,0.8,0.0826692581176757,6.578971004354254,0.4114379716301884,0.8,150,150
0,4,0.6000000000000001,0.083336591720581,0.0866857144350473,0.04167602404625,0.4,150,150
0,8,0.8,0.297440767288208,0.2164218952699389,0.0545593129595195,0.8,300,300
0,64,0.8,0.0673432350158691,28.70015753551442,0.919461067213093,0.4,150,150
0,4,0.8,0.0651361942291259,0.1301896512206684,0.0708251743651916,0.4,150,150
0,16,0.8,0.1318559646606445,1.2367687819326207,0.1570376033857921,0.4,150,300
0,64,0.2,0.0997660160064697,13.877775606534543,0.4403649440422463,0.6000000000000001,150,150
0,4,0.2,0.1194930076599121,0.0592918331003597,0.0320836945687624,0.6000000000000001,150,150
0,32,0.0,0.2644779682159424,1.8051524910550325,0.112330572917217,0.0,150,300
0,4,0.6000000000000001,0.2755227088928222,0.0437530244657284,0.0274084274722509,0.4,150,500
0,64,0.4,0.0866906642913818,21.48359410197409,0.6788565212801191,0.6000000000000001,150,150
0,8,0.8,0.2232029438018798,0.2593713316579354,0.0637296246603313,0.2,150,500
0,4,0.4,0.082789659500122,0.0707568112810941,0.0340302112603256,0.6000000000000001,150,150
0,32,0.6000000000000001,0.2201809883117675,5.743352339244023,0.3650104880865744,0.8,150,500
0,64,0.6000000000000001,0.0717346668243408,36.312468161311735,1.19820025384743,0.6000000000000001,150,150
0,32,0.2,0.2161939144134521,2.2663950743974164,0.141564982513325,0.0,150,300
0,4,0.6000000000000001,0.0691049098968505,0.1278841299514932,0.0643412557462174,0.6000000000000001,150,150
0,16,0.2,0.2166445255279541,0.5680703982941719,0.0720899668427396,0.6000000000000001,150,300
0,16,0.4,0.3375697135925293,0.703798879705243,0.0872177742481788,0.6000000000000001,300,300
0,64,0.6000000000000001,0.2566812038421631,16.726910901593968,0.5250430060788495,0.4,150,500
0,64,0.2,0.7203428745269775,5.286061636770958,0.1662409814503064,0.4,300,500
0,64,0.8,0.0767431259155273,27.5392002864769,0.8873907177801352,0.6000000000000001,150,150
0,4,0.8,0.0708026885986328,0.0630333521464783,0.0300953909761147,0.6000000000000001,150,150
0,4,0.2,0.7110602855682373,0.0244491417865096,0.0131392923052178,0.4,300,500
0,32,0.4,0.1922507286071777,2.84046922167085,0.1776236272142047,0.0,150,300
0,64,0.2,0.1284608840942382,13.600301131273962,0.431117107473521,0.8,150,150
0,4,0.2,0.1219222545623779,0.0427588731273334,0.0262774855059955,0.8,150,150
0,64,0.4,0.083766222000122,21.988334078662017,0.7034996227348626,0.8,150,150
0,32,0.6000000000000001,0.1911284923553466,4.364652352098259,0.2741445853676772,0.0,150,300
0,4,0.4,0.0812890529632568,0.053775507930146,0.0268061450573186,0.8,150,150
0,16,0.4,0.1725716590881347,0.8451071565626053,0.1068484763324257,0.6000000000000001,150,300
0,64,0.6000000000000001,0.0727672576904296,40.52774788209769,1.3925884245313782,0.8,150,150
0,4,0.6000000000000001,0.0672862529754638,0.1714570200760611,0.078037456600325,0.8,150,150
0,32,0.8,0.1479566097259521,8.82355013315486,0.5660199559612922,0.0,150,300
0,64,0.8,0.0787551403045654,26.432248303373093,0.8580280582638647,0.8,150,150
0,32,0.8,0.2408573627471923,3.477124542100057,0.2285381912551692,0.8,150,500
0,8,0.0,0.9161155223846436,0.0570331698136042,0.0140397038121206,0.0,300,500
0,4,0.8,0.0643365383148193,0.0714289550874735,0.0368929438751036,0.8,150,150
0,4,0.8,0.2539777755737304,0.0923344980372985,0.0578457534543423,0.4,150,500
0,8,0.2,0.3341774940490722,0.1048958604684379,0.0269873740908602,0.4,150,500
0,16,0.6000000000000001,0.128239631652832,1.5756251357197038,0.2125288017179022,0.6000000000000001,150,300
0,32,0.2,0.2275714874267578,1.9628709554971229,0.1242491434858311,0.2,150,300
0,16,0.6000000000000001,0.2822039127349853,1.0646675061838846,0.1336173541679442,0.6000000000000001,300,300
0,64,0.8,0.2288036346435547,16.28596495160063,0.5101698004540727,0.4,150,500
0,32,0.0,0.2961561679840088,1.712766849869873,0.1051657014561544,0.0,300,150
0,64,0.4,0.6651561260223389,5.071289035161923,0.1575726983860688,0.4,300,500
0,4,0.4,0.6587398052215576,0.019591425771398,0.0099132739296634,0.4,300,500
0,16,0.8,0.1344044208526611,1.1148834468402504,0.1332439822377594,0.6000000000000001,150,300
0,32,0.2,0.2266223430633545,2.154479715230972,0.1314375292594481,0.0,300,150
0,32,0.4,0.2042264938354492,2.552408557637151,0.1569515894719502,0.2,150,300
0,8,0.4,0.3372893333435058,0.1002281488390023,0.0248441295110656,0.4,150,500
0,32,0.4,0.1964051723480224,2.893419719151939,0.1759654337557015,0.0,300,150
0,4,0.2,0.3362107276916504,0.0446339952473866,0.0252102367375982,0.6000000000000001,150,500
0,16,0.2,0.2026264667510986,0.6095351167650224,0.07879196069092,0.8,150,300
0,32,0.6000000000000001,0.1681175231933593,4.1544918127420285,0.256450241905975,0.0,300,150
0,16,0.8,0.299877405166626,0.8339215439845087,0.1047712764787641,0.6000000000000001,300,300
0,32,0.6000000000000001,0.1470115184783935,4.739680428848359,0.2937217550006073,0.2,150,300
0,64,0.2,0.3292484283447265,7.554766176517679,0.2367083669811815,0.6000000000000001,150,500
0,32,0.8,0.144221544265747,8.757432356123477,0.5394962738385601,0.0,300,150
0,16,0.4,0.1499547958374023,0.9200495863501628,0.1143304538211469,0.8,150,300
0,32,0.2,0.2455799579620361,1.9774159043595043,0.1226142420051144,0.2,300,150
0,32,0.8,0.1323034763336181,6.784568060474831,0.4419715998528136,0.2,150,300
0,8,0.2,0.7596676349639893,0.0734897102867228,0.0188739938285016,0.0,300,500
0,32,0.4,0.2020332813262939,2.511220854212912,0.1590084075527919,0.2,300,150
0,16,0.6000000000000001,0.1343238353729248,1.8611677674535247,0.2373533390483586,0.8,150,300
0,8,0.6000000000000001,0.2439746856689453,0.2136749427732757,0.0626764751149926,0.4,150,500
0,4,0.4,0.2725069522857666,0.0418799267325699,0.0215850916700501,0.6000000000000001,150,500
0,32,0.2,0.2165050506591797,2.5280639556149507,0.1572449639149068,0.4,150,300
0,16,0.2,0.414027452468872,0.437743258006006,0.053662749245956,0.8,300,300
0,32,0.6000000000000001,0.1550519466400146,4.644570549153815,0.2851573711350807,0.2,300,150
0,16,0.8,0.1393938064575195,1.0490371830688994,0.1303865778941268,0.8,150,300
0,64,0.4,0.2738161087036133,11.855684077089371,0.3696684380265036,0.6000000000000001,150,500
0,32,0.4,0.2120590209960937,2.5019212746544497,0.1551398945251795,0.4,150,300
0,32,0.8,0.1343772411346435,6.299380788834325,0.3873316119873297,0.2,300,150
0,32,0.2,0.1874797344207763,2.3972123788504582,0.1489841792925874,0.4,300,150
0,64,0.6000000000000001,0.4687070846557617,12.00981033068548,0.3723467198232562,0.4,300,500
0,32,0.6000000000000001,0.1473670005798339,5.512080989843569,0.3494494256985153,0.4,150,300
0,4,0.6000000000000001,0.5150835514068604,0.0548457635417278,0.0299901830340705,0.4,300,500
0,32,0.4,0.22017502784729,2.3346317275146555,0.1433522434539701,0.4,300,150
0,16,0.0,0.4480180740356445,0.3003467535083997,0.0367787691059743,0.0,150,500
0,8,0.8,0.2439641952514648,0.2780725306047563,0.0666582629232742,0.4,150,500
0,16,0.4,0.3603541851043701,0.6307801539712851,0.0797137584782875,0.8,300,300
0,4,0.6000000000000001,0.2444572448730468,0.0887448538735945,0.0541248457583929,0.6000000000000001,150,500
0,32,0.6000000000000001,0.1529910564422607,5.243747644930968,0.3259416134140332,0.4,300,150
0,32,0.8,0.1409716606140136,5.067433553943216,0.3202494310694766,0.4,150,300
0,64,0.6000000000000001,0.2356927394866943,20.45267484046549,0.6462697796742599,0.6000000000000001,150,500
0,8,0.4,0.6536645889282227,0.0976425827223445,0.025520875027136,0.0,300,500
0,16,0.2,0.3919186592102051,0.3704998589482694,0.0455883527604678,0.0,150,500
0,32,0.8,0.1474518775939941,5.2610414424606455,0.3209022924141093,0.4,300,150
0,32,0.2,0.1936047077178955,2.4834698168095684,0.1560008628967217,0.6000000000000001,150,300
0,32,0.2,0.2063531875610351,2.435035825976619,0.1494286564899806,0.6000000000000001,300,150
0,8,0.2,0.3347151279449463,0.0837025295455483,0.0206526647645004,0.6000000000000001,150,500
0,16,0.6000000000000001,0.2608480453491211,1.3495090725927632,0.1714211389546105,0.8,300,300
0,16,0.4,0.3229904174804687,0.5398677821601134,0.070006499903055,0.0,150,500
0,32,0.4,0.1955957412719726,3.851260734175672,0.245624627861619,0.6000000000000001,150,300
0,4,0.8,0.2703559398651123,0.1011118292222774,0.057006046696804,0.6000000000000001,150,500
0,32,0.4,0.1651043891906738,3.635502172920453,0.2209414818727776,0.6000000000000001,300,150
0,64,0.8,0.2281756401062011,14.557589398599776,0.458054940140987,0.6000000000000001,150,500
0,32,0.6000000000000001,0.1337437629699707,6.642078376104699,0.4082227720843036,0.6000000000000001,300,150
0,16,0.6000000000000001,0.2645666599273681,0.8097840759466932,0.1010560975511804,0.0,150,500
0,16,0.8,0.2705740928649902,0.8579517711670828,0.1045374308904305,0.8,300,300
0,32,0.6000000000000001,0.1402468681335449,6.250976406162809,0.3908441509014462,0.6000000000000001,150,300
0,32,0.8,0.1398601531982422,4.921599730595116,0.3067623209556785,0.6000000000000001,300,150
0,64,0.8,0.4486620426177978,11.656407253991691,0.3647193442695299,0.4,300,500
0,8,0.4,0.2731821537017822,0.1485482472618076,0.0350141086330088,0.6000000000000001,150,500
0,4,0.2,0.3367714881896972,0.0291166914792657,0.016457097884098,0.8,150,500
0,32,0.8,0.1322634220123291,4.447073784096297,0.2709405285783755,0.6000000000000001,150,300
0,4,0.8,0.4550309181213379,0.0335567786070257,0.0173694861435713,0.4,300,500
0,16,0.8,0.238102912902832,1.4341445188261694,0.1817603048803144,0.0,150,500
0,32,0.2,0.2107796669006347,2.255625974432166,0.139811051722747,0.8,300,150
0,8,0.6000000000000001,0.5592737197875977,0.1441604928220321,0.0393213786418721,0.0,300,500
0,64,0.2,0.363626480102539,7.560131461824721,0.2376995287709719,0.8,150,500
0,32,0.2,0.1916577816009521,2.521029674672172,0.1550195262638798,0.8,150,300
0,32,0.4,0.1569674015045166,3.683189875710106,0.2244288463088913,0.8,300,150
0,32,0.6000000000000001,0.1228415966033935,7.242867682219717,0.4516707280452123,0.8,300,150
0,16,0.2,0.3874571323394775,0.3475385650352681,0.0429834404310288,0.2,150,500
0,32,0.4,0.1699624061584472,3.989860299001296,0.2509021704248884,0.8,150,300
0,16,0.0,0.8947651386260986,0.236876995240803,0.0294257809605975,0.0,300,500
0,4,0.4,0.2562127113342285,0.0313818884307395,0.0169831209806828,0.8,150,500
0,32,0.8,0.1378750801086425,4.622660731094122,0.2879527829802623,0.8,300,150
0,8,0.6000000000000001,0.2187197208404541,0.2797766310548015,0.0676507388252992,0.6000000000000001,150,500
0,64,0.4,0.2883427143096924,11.255692954191836,0.3469234622096493,0.8,150,500
0,32,0.6000000000000001,0.1379196643829345,7.339886126305331,0.4541488489450823,0.8,150,300
0,32,0.8,0.1475021839141845,4.670323353197581,0.2951164051770989,0.8,150,300
0,16,0.4,0.3213021755218506,0.4629994905872092,0.0592293424207786,0.2,150,500
0,32,0.0,0.5115272998809814,1.2239510591458669,0.075717207312891,0.0,300,300
0,8,0.8,0.446141242980957,0.2627369714216121,0.0678945824893415,0.0,300,500
0,64,0.2,0.6752314567565918,5.2572467496138575,0.1633117944391349,0.6000000000000001,300,500
0,8,0.8,0.2181930541992187,0.2434862632766726,0.0623129400966262,0.6000000000000001,150,500
0,4,0.6000000000000001,0.2157104015350341,0.1052228041834161,0.0651005780746731,0.8,150,500
0,4,0.2,0.6723387241363525,0.0383623737565793,0.0191425674344894,0.6000000000000001,300,500
0,64,0.6000000000000001,0.2348644733428955,22.543459023064795,0.7117374100904128,0.8,150,500
0,32,0.2,0.475696325302124,1.508176063275454,0.0916481032817157,0.0,300,300
0,16,0.2,0.7385642528533936,0.2881889457367502,0.0367276328400846,0.0,300,500
0,16,0.6000000000000001,0.2559988498687744,0.8001889209180195,0.0977244104714393,0.2,150,500
0,8,0.2,0.7546112537384033,0.0587191062528918,0.0144144995441245,0.2,300,500
0,8,0.2,0.3376216888427734,0.1181576816831131,0.0302131756744635,0.8,150,500
0,4,0.8,0.2239255905151367,0.0616761909144802,0.0482849058958419,0.8,150,500
0,64,0.8,0.2295475006103515,14.22262019600238,0.4436977812978232,0.8,150,500
0,32,0.4,0.3980107307434082,2.001086924667472,0.1228072253973989,0.0,300,300
0,4,0.0,0.2511208057403564,0.0264182301645706,0.0130489832003927,0.0,300,150
0,4,0.2,0.217592716217041,0.0169064602473382,0.0085452374986329,0.0,300,150
0,64,0.0,0.2722814083099365,6.889859861590286,0.215608398289982,0.0,300,150
0,4,0.4,0.1944665908813476,0.0276977368591361,0.0150040460088668,0.0,300,150
0,16,0.8,0.2236173152923584,1.1061147236490672,0.1417874391588741,0.2,150,500
0,64,0.2,0.230504035949707,8.574920286008386,0.2688418964722303,0.0,300,150
0,8,0.4,0.2585318088531494,0.1683038294165225,0.0445414857967829,0.8,150,500
0,32,0.6000000000000001,0.3322515487670898,3.0807268424882324,0.1925803638214479,0.0,300,300
0,4,0.6000000000000001,0.1563453674316406,0.0677165950733507,0.0322200933578787,0.0,300,150
0,64,0.4,0.181514024734497,11.451362082095436,0.3613725733846472,0.0,300,150
0,4,0.8,0.1303603649139404,0.0663611218969164,0.0324040141113263,0.0,300,150
0,16,0.4,0.6320993900299072,0.3675218695451653,0.0471734466254319,0.0,300,500
0,64,0.6000000000000001,0.1668808460235595,17.078240982940905,0.5424785933950133,0.0,300,150
0,64,0.4,0.5277717113494873,8.238362473777698,0.2590688557095009,0.6000000000000001,300,500
0,4,0.2,0.2307178974151611,0.0341370195848878,0.0152308568201832,0.2,300,150
0,4,0.4,0.551245927810669,0.0323396859186176,0.0162851180290264,0.6000000000000001,300,500
0,64,0.8,0.1434459686279297,31.8045368063224,1.0302968700270645,0.0,300,150
0,32,0.8,0.2797775268554687,5.897449926339752,0.3657891422960169,0.0,300,300
0,8,0.4,0.6419186592102051,0.0876204347103803,0.0223215523203075,0.2,300,500
0,4,0.4,0.1867072582244873,0.0315412709554713,0.0161372328185131,0.2,300,150
0,64,0.2,0.2326724529266357,7.880297284944934,0.2487332926576948,0.2,300,150
0,16,0.2,0.3304648399353027,0.4603138342489889,0.0580769409180776,0.4,150,500
0,8,0.6000000000000001,0.2170231342315673,0.3485640699945685,0.0818586552931843,0.8,150,500
0,64,0.4,0.1889963150024414,10.05970805238108,0.3170556798022734,0.2,300,150
0,4,0.6000000000000001,0.1483840942382812,0.0690765101715234,0.0320562313645744,0.2,300,150
0,32,0.2,0.4617533683776855,1.3806315850068973,0.0860880590688742,0.2,300,300
0,4,0.8,0.1273927688598632,0.1144281857049948,0.0601367528763249,0.2,300,150
0,64,0.6000000000000001,0.1453943252563476,19.315571738957203,0.6066143535299281,0.2,300,150
0,16,0.4,0.3225278854370117,0.4074620810249355,0.0485531932784564,0.4,150,500
0,64,0.8,0.1283183097839355,26.14230828071774,0.8313095134389422,0.2,300,150
0,4,0.2,0.1960351467132568,0.0416535098606539,0.0199211445569779,0.4,300,150
0,4,0.4,0.193080186843872,0.0392856305246087,0.0189415313392321,0.4,300,150
0,8,0.8,0.2251365184783935,0.2585045435627263,0.0677388380418559,0.8,150,500
0,32,0.4,0.4100716114044189,1.8392809659200045,0.1165222945630716,0.2,300,300
0,64,0.2,0.1996369361877441,9.66986412269821,0.3063658737850661,0.4,300,150
0,16,0.6000000000000001,0.5245270729064941,0.5698805483473502,0.0721062204356819,0.0,300,500
0,64,0.4,0.1969156265258789,9.24614704699396,0.2914670552952013,0.4,300,150
0,4,0.6000000000000001,0.1402409076690673,0.0679932213741021,0.0319744612804066,0.4,300,150
0,8,0.0,0.2540891170501709,0.1075985773899648,0.0271610210015969,0.0,300,150
0,4,0.8,0.1283557415008545,0.124532984836668,0.0582428887870096,0.4,300,150
0,64,0.6000000000000001,0.1363370418548584,21.562996844038828,0.6756519571923078,0.4,300,150
0,8,0.2,0.2209923267364502,0.1179660411927771,0.0280954096636542,0.0,300,150
0,16,0.6000000000000001,0.2326900959014892,1.0053475103290672,0.1221522006258943,0.4,150,500
0,8,0.4,0.1955287456512451,0.190729478369463,0.0480736387769251,0.0,300,150
0,64,0.6000000000000001,0.4442453384399414,14.720312045989544,0.4624395525127555,0.6000000000000001,300,500
0,4,0.2,0.1995246410369873,0.0407944099810061,0.0196161024188759,0.6000000000000001,300,150
0,64,0.8,0.1383295059204101,21.250369059723663,0.6726233666803567,0.4,300,150
0,32,0.6000000000000001,0.3136818408966064,3.2135758175844065,0.191379185033949,0.2,300,300
0,4,0.6000000000000001,0.4534971714019775,0.0527253105682363,0.0295300045104353,0.6000000000000001,300,500
0,8,0.6000000000000001,0.1644103527069091,0.2409697237715417,0.0602200304713691,0.0,300,150
0,8,0.6000000000000001,0.4973626136779785,0.1229578865772403,0.0309410461900291,0.2,300,500
0,64,0.2,0.208749771118164,9.524631741379135,0.3003524724492928,0.6000000000000001,300,150
0,4,0.4,0.1495037078857422,0.0664262011882024,0.0344643492841706,0.6000000000000001,300,150
0,8,0.8,0.1338727474212646,0.4887078875167544,0.1183597278614798,0.0,300,150
0,8,0.2,0.2331714630126953,0.1197675408658766,0.032332080092222,0.2,300,150
0,4,0.6000000000000001,0.1358289718627929,0.0958547224529016,0.050502707824783,0.6000000000000001,300,150
0,64,0.4,0.1673989295959472,15.143497700639095,0.4791054311279632,0.6000000000000001,300,150
0,16,0.8,0.4505412578582763,1.140171180859877,0.1478645987517107,0.0,300,500
0,8,0.4,0.1889305114746093,0.1827516902835335,0.0508911177655065,0.2,300,150
0,4,0.8,0.1308341026306152,0.0749833132285672,0.0372329816021255,0.6000000000000001,300,150
0,16,0.8,0.2239959239959716,1.0693143139503285,0.1342923346547283,0.4,150,500
0,64,0.6000000000000001,0.1368558406829834,26.2262260741174,0.843310109287411,0.6000000000000001,300,150
0,32,0.8,0.2681198120117187,4.574349314530318,0.2842593167802952,0.2,300,300
0,8,0.6000000000000001,0.1533477306365966,0.2624045788387169,0.0698287771440594,0.2,300,150
0,4,0.2,0.1954638957977295,0.0314063907374309,0.0174930932020512,0.8,300,150
0,64,0.8,0.1358370780944824,19.08534701634692,0.6063843404289514,0.6000000000000001,300,150
0,8,0.8,0.141916275024414,0.3451655844804663,0.0928371483036442,0.2,300,150
0,4,0.4,0.1610407829284668,0.0715252037557315,0.0355995492296875,0.8,300,150
0,64,0.2,0.2111358642578125,9.71182007277541,0.3070469996598218,0.8,300,150
0,8,0.2,0.2059426307678222,0.1223567571399885,0.0322557687729587,0.4,300,150
0,16,0.2,0.3527932167053222,0.4510099364692679,0.056804721924903,0.6000000000000001,150,500
0,4,0.6000000000000001,0.1283466815948486,0.1085725934995539,0.0488270129302782,0.8,300,150
0,64,0.4,0.1729216575622558,15.358469317917557,0.4875455582486598,0.8,300,150
0,64,0.8,0.4857194423675537,10.236666102418766,0.318597188517926,0.6000000000000001,300,500
0,32,0.2,0.4056999683380127,1.7076357886570874,0.104709245154585,0.4,300,300
0,16,0.2,0.7947585582733154,0.2607298739424342,0.0314688681746939,0.2,300,500
0,8,0.4,0.1925013065338134,0.1329829457908611,0.0342852005617949,0.4,300,150
0,4,0.8,0.4462378025054931,0.0235747860024064,0.0125020342824336,0.6000000000000001,300,500
0,4,0.8,0.1272718906402588,0.0794382776547749,0.0393282976118836,0.8,300,150
0,64,0.6000000000000001,0.1244053840637207,28.472244197576,0.910253044310514,0.8,300,150
0,8,0.6000000000000001,0.1393675804138183,0.2258428153779283,0.0669899844698549,0.4,300,150
0,8,0.8,0.4417715072631836,0.1994641387653331,0.0499254463464163,0.2,300,500
0,64,0.8,0.131376028060913,18.607461737803124,0.589694819210765,0.8,300,150
0,32,0.4,0.3870153427124023,1.7157730170700476,0.1051527032172796,0.4,300,300
0,8,0.8,0.1364781856536865,0.3012240430149707,0.0749707813285507,0.4,300,150
0,4,0.0,0.4963188171386719,0.0138479676588581,0.007962214615869,0.0,300,300
0,8,0.2,0.1930990219116211,0.1207733827592952,0.0300304194193223,0.6000000000000001,300,150
0,16,0.4,0.2607080936431885,0.7557554483713104,0.0943938936812373,0.6000000000000001,150,500
0,8,0.4,0.1458492279052734,0.2156865488110157,0.0563257478192879,0.6000000000000001,300,150
0,64,0.0,0.5092916488647461,4.789295385261477,0.151525516175246,0.0,300,300
0,32,0.6000000000000001,0.272258996963501,3.812852901861379,0.2339436657023974,0.4,300,300
0,8,0.6000000000000001,0.1347653865814209,0.3970589882721445,0.0941148185414703,0.6000000000000001,300,150
0,4,0.2,0.4415054321289062,0.0185253420262764,0.0095331039192368,0.0,300,300
0,16,0.4,0.6476995944976807,0.3423843040640018,0.0427871627183725,0.2,300,500
0,8,0.8,0.1348834037780761,0.2924130555263752,0.0771339595586279,0.6000000000000001,300,150
0,64,0.2,0.4436781406402588,5.9556157566840575,0.1906784346762825,0.0,300,300
0,16,0.6000000000000001,0.2145051956176757,1.2479211818557836,0.1665644096795187,0.6000000000000001,150,500
0,64,0.2,0.6612014770507812,5.271983181972431,0.1659381786625941,0.8,300,500
0,8,0.2,0.1880316734313964,0.151808803700423,0.0356922725282531,0.8,300,150
0,4,0.2,0.6593635082244873,0.0139188398544514,0.0077873918730712,0.8,300,500
0,32,0.8,0.2839148044586181,3.845437287176754,0.2355956199265763,0.4,300,300
0,4,0.4,0.3716206550598144,0.0259597131124788,0.0123571079558674,0.0,300,300
0,8,0.4,0.1543605327606201,0.2295332303856805,0.0557587497302214,0.8,300,150
0,8,0.2,0.6605312824249268,0.080207997728489,0.0219783839574163,0.4,300,500
0,64,0.4,0.3885927200317383,7.8612752144577716,0.2472447328653027,0.0,300,300
0,8,0.6000000000000001,0.1253342628479004,0.4322859401632717,0.1227626264748094,0.8,300,150
0,8,0.8,0.1327545642852783,0.2950908914896413,0.0681970857484123,0.8,300,150
0,16,0.8,0.2295613288879394,0.8476485489804393,0.1087064222167203,0.6000000000000001,150,500
0,4,0.6000000000000001,0.3247828483581543,0.0536671354984796,0.0291031347101357,0.0,300,300
0,32,0.2,0.3965470790863037,1.76364436753924,0.1080385604549914,0.6000000000000001,300,300
0,64,0.6000000000000001,0.3238751888275146,12.121481341464026,0.3851629336982454,0.0,300,300
0,4,0.8,0.2632555961608886,0.0886984795989944,0.0444301775067812,0.0,300,300
0,8,0.4,0.6610841751098633,0.0759789163192442,0.0195265810670245,0.4,300,500
0,16,0.2,0.3235118389129638,0.4093272416969307,0.0500488435721579,0.8,150,500
0,16,0.6000000000000001,0.5050578117370605,0.5615879982204599,0.073464065667349,0.2,300,500
0,64,0.8,0.2679598331451416,23.77096936669643,0.7569491030343575,0.0,300,300
0,32,0.4,0.3165059089660644,2.6954827522107534,0.1656260666000677,0.6000000000000001,300,300
0,4,0.2,0.478039026260376,0.0108377963315539,0.0062209112848647,0.2,300,300
0,64,0.4,0.5251164436340332,8.271658581851597,0.2585727965493557,0.8,300,500
0,4,0.4,0.5004134178161621,0.0295069380202004,0.0166367983842838,0.8,300,500
0,64,0.2,0.4604747295379638,5.509804936828628,0.1749340483655918,0.2,300,300
0,16,0.4,0.2621412277221679,0.646212331266923,0.0783434386472712,0.8,150,500
0,4,0.4,0.375,0.0183095326746846,0.0094000687499549,0.2,300,300
0,32,0.6000000000000001,0.266963243484497,4.32186053390358,0.2722175847803366,0.6000000000000001,300,300
0,64,0.4,0.3986539840698242,7.150598269792211,0.2283927092317337,0.2,300,300
0,16,0.6000000000000001,0.206918716430664,1.4271892037491332,0.1828167637832754,0.8,150,500
0,4,0.6000000000000001,0.3182134628295898,0.036267614582502,0.0194627742100897,0.2,300,300
0,32,0.8,0.2596311569213867,3.537206667660034,0.2181974872696688,0.6000000000000001,300,300
0,8,0.6000000000000001,0.4561448097229004,0.1793584742089779,0.0439011348742667,0.4,300,500
0,16,0.8,0.4489021301269531,0.7556042713143492,0.0951191273296963,0.2,300,500
0,64,0.6000000000000001,0.3109419345855713,13.424524827133666,0.4250429275564655,0.2,300,300
0,64,0.6000000000000001,0.4236762523651123,15.87399759329744,0.4937259148541356,0.8,300,500
0,16,0.8,0.2290053367614746,0.8897539515660268,0.1076801983829494,0.8,150,500
0,4,0.8,0.2576866149902344,0.0368474691390127,0.018112116027062,0.2,300,300
0,4,0.6000000000000001,0.4290771484375,0.0966867419603907,0.0599807255036073,0.8,300,500
0,32,0.2,0.3900508880615234,1.69992253505164,0.1046663564027956,0.8,300,300
0,64,0.8,0.2742087841033935,17.760962968418053,0.566533465888952,0.2,300,300
0,4,0.2,0.39278244972229,0.02240541922455,0.0125802091222724,0.4,300,300
0,32,0.4,0.308286190032959,2.6886135600416807,0.169645099185016,0.8,300,300
0,64,0.8,0.4478082656860351,9.902445596930797,0.3095603863807016,0.8,300,500
0,8,0.8,0.4413230419158935,0.2044130428424244,0.04886774541318,0.4,300,500
0,64,0.2,0.4050033092498779,6.754604271453395,0.2153691115759775,0.4,300,300
0,4,0.4,0.378516674041748,0.0180315414492867,0.0099358398683519,0.4,300,300
0,4,0.8,0.4310858249664306,0.0332582652450593,0.0286036661552588,0.8,300,500
0,8,0.0,0.0400514602661132,0.280201323348675,0.0667286229449374,0.0,50,150
0,8,0.2,0.035557746887207,0.349831111339639,0.0817582883773239,0.0,50,150
0,16,0.2,0.6494801044464111,0.3150600936775404,0.0382639792610096,0.4,300,500
0,8,0.4,0.0305380821228027,0.4137354578528625,0.0926723199975513,0.0,50,150
0,8,0.6000000000000001,0.0260295867919921,0.5572479671537985,0.123524002051565,0.0,50,150
0,8,0.8,0.0215232372283935,1.2600261505143706,0.2758948427414993,0.0,50,150
0,8,0.2,0.0410559177398681,0.340070161522499,0.0739012651475324,0.2,50,150
0,64,0.4,0.3926608562469482,6.459646325901459,0.2047998957190494,0.4,300,300
0,8,0.4,0.0310444831848144,0.4072682297192684,0.1063983527683422,0.2,50,150
0,8,0.6000000000000001,0.0240547657012939,0.5898581619199956,0.1241479707774415,0.2,50,150
0,32,0.6000000000000001,0.2611970901489258,4.997979222208684,0.308844266796927,0.8,300,300
0,8,0.8,0.0215311050415039,0.9927332621269078,0.2170062117862271,0.2,50,150
0,8,0.2,0.0315687656402587,0.3532607419556479,0.0812014177155809,0.4,50,150
0,8,0.4,0.0311861038208007,0.3280995376918207,0.080136841029472,0.4,50,150
0,8,0.6000000000000001,0.0280485153198242,0.862081669556386,0.2086535706103481,0.4,50,150
0,8,0.8,0.0215256214141845,0.7835311679636768,0.2100077776664411,0.4,50,150
0,4,0.6000000000000001,0.2739944458007812,0.0566736821978893,0.0333540047181987,0.4,300,300
0,8,0.2,0.0315630435943603,0.3254495207887273,0.0769190689756941,0.6000000000000001,50,150
0,8,0.4,0.0240640640258789,0.6044609775374846,0.1395128330536007,0.6000000000000001,50,150
0,8,0.6000000000000001,0.0205252170562744,0.9374796282872656,0.2084115610997293,0.6000000000000001,50,150
0,32,0.8,0.2721900939941406,3.284597061842548,0.19883668043999,0.8,300,300
0,8,0.8,0.021047830581665,0.6949531624898451,0.1661798805373407,0.6000000000000001,50,150
0,8,0.2,0.0315353870391845,0.3502123459466884,0.0842997948873098,0.8,50,150
0,16,0.4,0.643160343170166,0.310933564844291,0.0377442955352358,0.4,300,500
0,64,0.6000000000000001,0.2808396816253662,15.879205352817422,0.5009498032385326,0.4,300,300
0,8,0.4,0.0240397453308105,0.4730072607669227,0.1071975487068336,0.8,50,150
0,8,0.6000000000000001,0.0210387706756591,1.038114663204536,0.2528779155006939,0.8,50,150
0,8,0.8,0.022036075592041,0.7780117749020643,0.1897326392351377,0.8,50,150
0,8,0.0,0.0841271877288818,0.1976053774147314,0.050408733029356,0.0,50,300
0,8,0.2,0.07063889503479,0.232768932848401,0.0596576050591242,0.0,50,300
0,8,0.4,0.0601031780242919,0.2594593794772338,0.0621814954152542,0.0,50,300
0,8,0.6000000000000001,0.0516440868377685,0.5330380460146938,0.1302271045947893,0.0,50,300
0,4,0.8,0.2521095275878906,0.0534791255377365,0.0255791444514463,0.4,300,300
0,8,0.8,0.0415575504302978,0.8053222733055332,0.2213213771994837,0.0,50,300
0,8,0.2,0.6464993953704834,0.07990387367519,0.0201834981044078,0.6000000000000001,300,500
0,8,0.2,0.0722467899322509,0.2211332276255429,0.0605404788562635,0.2,50,300
0,64,0.8,0.2717204093933105,15.45167981333448,0.4843625098602815,0.4,300,300
0,8,0.4,0.0611975193023681,0.2598798146659172,0.0646729238357155,0.2,50,300
0,32,0.0,0.8250362873077393,0.9932811118429676,0.0607140548456557,0.0,300,500
0,8,0.6000000000000001,0.0496652126312255,0.5265399444051453,0.1566734489154359,0.2,50,300
0,4,0.2,0.3745288848876953,0.0193252450503694,0.0112016833301965,0.6000000000000001,300,300
0,8,0.8,0.0416822433471679,0.712886700141276,0.1897678865208057,0.2,50,300
0,8,0.2,0.0620965957641601,0.29685222291702,0.0710295892850752,0.4,50,300
0,64,0.2,0.3857674598693847,6.658669339155894,0.211222488016595,0.6000000000000001,300,300
0,8,0.4,0.06174898147583,0.2331283947015791,0.0561614922933505,0.4,50,300
0,8,0.6000000000000001,0.0455653667449951,0.60906268386833,0.1519038615285536,0.4,50,300
0,16,0.6000000000000001,0.4707000255584717,0.8004072824390602,0.0993971946075806,0.4,300,500
0,4,0.4,0.2940206527709961,0.0539027367816804,0.0296446668760948,0.6000000000000001,300,300
0,8,0.8,0.0415611267089843,0.5742856845264827,0.1474649288164232,0.4,50,300
0,8,0.2,0.0686891078948974,0.2612659846615507,0.0644818517096537,0.6000000000000001,50,300
0,64,0.4,0.3031795024871826,10.644580043438108,0.3393213029249691,0.6000000000000001,300,300
0,32,0.2,0.715808629989624,1.1724666604844969,0.072246304915322,0.0,300,500
0,8,0.4,0.0480842590332031,0.463286762565976,0.1120450073619729,0.6000000000000001,50,300
0,8,0.4,0.5002357959747314,0.1134555507340595,0.0307621726239176,0.6000000000000001,300,500
0,8,0.6000000000000001,0.0421664714813232,0.7624377126028842,0.1871392692779194,0.6000000000000001,50,300
0,4,0.6000000000000001,0.2520005702972412,0.0630407963267463,0.0344261469532635,0.6000000000000001,300,300
0,8,0.8,0.0425789356231689,0.4977629444928294,0.1269577302549615,0.6000000000000001,50,300
0,8,0.2,0.0627150535583496,0.2935799241098076,0.0803447298773613,0.8,50,300
0,64,0.6000000000000001,0.2550699710845947,18.70102629176336,0.5936748518216691,0.6000000000000001,300,300
0,8,0.4,0.0495862960815429,0.4608932025382078,0.1167256585521391,0.8,50,300
0,8,0.6000000000000001,0.0476002693176269,0.6594895138915604,0.1740072066526894,0.8,50,300
0,4,0.8,0.2671666145324707,0.0538966768738998,0.0270011706135153,0.6000000000000001,300,300
0,8,0.8,0.0495963096618652,0.4569415983898087,0.113766983310152,0.8,50,300
0,16,0.8,0.4420359134674072,0.6938390044234969,0.0883807047099939,0.4,300,500
0,8,0.0,0.1359884738922119,0.1449145704626975,0.0396181589391141,0.0,50,500
0,64,0.8,0.2638032436370849,13.61006214892413,0.4302597511948122,0.6000000000000001,300,300
0,32,0.4,0.5895922183990479,1.603777394457377,0.0985476446643692,0.0,300,500
0,8,0.2,0.1152968406677246,0.1825698925564872,0.049991567629942,0.0,50,500
0,8,0.4,0.1047675609588623,0.2255235764479048,0.060651883599301,0.0,50,500
0,8,0.6000000000000001,0.0832788944244384,0.3149440245745959,0.0968992692664163,0.0,50,500
0,8,0.8,0.0806496143341064,0.6426132144348837,0.1777084967727324,0.0,50,500
0,4,0.2,0.385974645614624,0.0274215067473639,0.0156136610568298,0.8,300,300
0,8,0.6000000000000001,0.4339711666107178,0.2145493157594258,0.0531391228367538,0.6000000000000001,300,500
0,64,0.2,0.3809435367584228,6.7896367443133006,0.2147380194613151,0.8,300,300
0,8,0.2,0.1218700408935546,0.1855720296361445,0.052194719955243,0.2,50,500
0,4,0.4,0.2946498394012451,0.0214379573289661,0.0105111305604483,0.8,300,300
0,8,0.4,0.1016900539398193,0.2165706798016876,0.0580134633564445,0.2,50,500
0,32,0.6000000000000001,0.5226385593414307,2.311833004757811,0.1421193425125913,0.0,300,500
0,64,0.4,0.3137454986572265,11.005079167461124,0.3476838920298299,0.8,300,300
0,16,0.2,0.6501271724700928,0.3583256484926761,0.0449465767566057,0.6000000000000001,300,500
0,8,0.6000000000000001,0.0791342258453369,0.3822959123031636,0.1050034584006056,0.2,50,500
0,4,0.6000000000000001,0.2425267696380615,0.0797968054449519,0.0411249948950942,0.8,300,300
0,8,0.8,0.4363956451416015,0.1652881823062468,0.0418326836619261,0.6000000000000001,300,500
0,8,0.8,0.0717246532440185,0.6154690723927081,0.1616293722039848,0.2,50,500
0,64,0.6000000000000001,0.2470028400421142,21.19621600624781,0.6797332034802678,0.8,300,300
0,4,0.8,0.2666113376617431,0.041941831233901,0.0246782281960837,0.8,300,300
0,8,0.2,0.1097581386566162,0.214857364650243,0.0596711267052758,0.4,50,500
0,32,0.8,0.4244616031646728,4.844031659910895,0.2959722283059735,0.0,300,500
0,64,0.8,0.2575509548187256,13.004747610353624,0.4141696108042824,0.8,300,300
0,8,0.4,0.1067490577697753,0.2040741977575926,0.055959312990859,0.4,50,500
0,16,0.4,0.494286298751831,0.4563667686800813,0.0581642635444387,0.6000000000000001,300,500
0,8,0.6000000000000001,0.0741515159606933,0.4689697019092759,0.1251533873817023,0.4,50,500
0,32,0.2,0.7434804439544678,1.123512702879197,0.0683717127300106,0.2,300,500
0,8,0.2,0.620478630065918,0.0785070694622636,0.0195141146897072,0.8,300,500
0,8,0.8,0.0725946426391601,0.4303024433669247,0.1195052594719115,0.4,50,500
0,8,0.2,0.1071951389312744,0.1863662698707113,0.0539740537970369,0.6000000000000001,50,500
0,8,0.4,0.0817234516143798,0.360007312851171,0.0970793989046016,0.6000000000000001,50,500
0,32,0.4,0.6123111248016357,1.456175076752579,0.0891126170091829,0.2,300,500
0,16,0.6000000000000001,0.4240994453430176,0.9184371727698544,0.1151202674367829,0.6000000000000001,300,500
0,8,0.6000000000000001,0.0692248344421386,0.5254118613432656,0.1582232762887604,0.6000000000000001,50,500
0,8,0.4,0.4907279014587402,0.1332513757919461,0.0315375432677941,0.8,300,500
0,8,0.8,0.0722143650054931,0.4591318670031652,0.1210672407160867,0.6000000000000001,50,500
0,8,0.2,0.1052827835083007,0.2233801314282129,0.0588859738749577,0.8,50,500
0,8,0.4,0.0851225852966308,0.3118578193496003,0.0841505387888802,0.8,50,500
0,16,0.8,0.4320542812347412,0.6486208750618518,0.0791511613322993,0.6000000000000001,300,500
0,32,0.6000000000000001,0.471226692199707,2.6235101848937483,0.1646165392765551,0.2,300,500
0,8,0.6000000000000001,0.0686240196228027,0.6756471316178756,0.1731572809153999,0.8,50,500
0,8,0.6000000000000001,0.3953690528869629,0.2145435314973031,0.0522601315053351,0.8,300,500
0,8,0.8,0.0712285041809082,0.4189959812705925,0.1087333214326255,0.8,50,500
0,16,0.2,0.625922441482544,0.3432279237451955,0.0432831006494314,0.8,300,500
0,32,0.8,0.4255411624908447,3.4873117875053747,0.2240495260284784,0.2,300,500
0,8,0.8,0.4370729923248291,0.1314510898493308,0.0320413878685065,0.8,300,500
0,16,0.0,0.0405852794647216,0.8939113827067227,0.115730535674375,0.0,50,150
0,16,0.2,0.0375387668609619,1.2155760860810565,0.1549973022602952,0.0,50,150
0,16,0.4,0.0320336818695068,1.6322183819528806,0.2121039447907463,0.0,50,150
0,16,0.6000000000000001,0.0255300998687744,2.519644335255874,0.3149214430014901,0.0,50,150
0,16,0.8,0.0220179557800292,5.4133717729117485,0.7090623122322824,0.0,50,150
0,16,0.2,0.0386703014373779,1.0873958286930874,0.1332784807746013,0.2,50,150
0,16,0.4,0.0295484066009521,1.4953753117981807,0.1908511600509145,0.2,50,150
0,16,0.6000000000000001,0.0235722064971923,2.969471991736984,0.3778668265104118,0.2,50,150
0,16,0.8,0.0220441818237304,3.819242096257319,0.4917497289361118,0.2,50,150
0,16,0.2,0.0325343608856201,1.3740323626266189,0.1723711162566842,0.4,50,150
0,16,0.4,0.0311203002929687,1.273399870030538,0.1572070974523413,0.4,50,150
0,16,0.6000000000000001,0.0225234031677246,3.184685701039265,0.4145872457314811,0.4,50,150
0,16,0.8,0.0205261707305908,2.886873395817505,0.3760757854732953,0.4,50,150
0,16,0.2,0.0310380458831787,1.4344938451573732,0.1828933724588485,0.6000000000000001,50,150
0,16,0.4,0.025043249130249,2.4945596639664185,0.3314545894832164,0.6000000000000001,50,150
0,16,0.6000000000000001,0.0215239524841308,4.3763923956525,0.5639146190318648,0.6000000000000001,50,150
0,16,0.8,0.0220227241516113,2.8233209418693352,0.3723490074786288,0.6000000000000001,50,150
0,16,0.2,0.0311145782470703,1.334316978743598,0.1748386010028508,0.8,50,150
0,16,0.4,0.0240304470062255,2.144231701760882,0.275954644573386,0.8,50,150
0,16,0.6000000000000001,0.0205273628234863,4.777198234202885,0.6032234787110236,0.8,50,150
0,16,0.8,0.0216073989868164,2.4595605758105137,0.3123982566536277,0.8,50,150
0,16,0.0,0.0841336250305175,0.6885275601679208,0.0834450636947009,0.0,50,300
0,16,0.2,0.0706009864807128,0.9778906555284776,0.1185056521155866,0.0,50,300
0,16,0.4,0.059584617614746,1.136443614567186,0.1392312975112792,0.0,50,300
0,16,0.6000000000000001,0.0505838394165039,1.7141294691738729,0.2107255713880311,0.0,50,300
0,16,0.8,0.0425567626953125,3.4578479514254963,0.424186195442234,0.0,50,300
0,16,0.2,0.0727407932281494,0.7220182990762434,0.0860057172887859,0.2,50,300
0,16,0.4,0.4996962547302246,0.483138365175908,0.0600788970597397,0.8,300,500
0,32,0.2,0.632171630859375,1.3357633479849438,0.0850768070092918,0.4,300,500
0,16,0.4,0.0592706203460693,1.041892679639615,0.1291192953566669,0.2,50,300
0,16,0.6000000000000001,0.0515775680541992,1.9670820275307583,0.239822216459812,0.2,50,300
0,16,0.8,0.044198989868164,2.9429132534930464,0.3621861659736469,0.2,50,300
0,16,0.2,0.064197301864624,1.076930724100834,0.1318344244754111,0.4,50,300
0,16,0.4,0.0605862140655517,0.9088331647339156,0.1104410826524983,0.4,50,300
0,32,0.4,0.6419715881347656,1.2930601302369764,0.0805121336870105,0.4,300,500
0,16,0.6000000000000001,0.0450737476348876,2.3196985257781995,0.2821484507850763,0.4,50,300
0,16,0.8,0.0421674251556396,2.153016441568588,0.2606184780167088,0.4,50,300
0,16,0.2,0.0621113777160644,1.0537140960725164,0.1266921297471062,0.6000000000000001,50,300
0,16,0.4,0.0496621131896972,1.5577887966053312,0.1898137885255577,0.6000000000000001,50,300
0,16,0.6000000000000001,0.3984670639038086,1.014089767297884,0.1322243553410375,0.8,300,500
0,16,0.6000000000000001,0.0425832271575927,2.805432098993868,0.34438997983063,0.6000000000000001,50,300
0,16,0.8,0.0450806617736816,1.877543469206652,0.2278076962270259,0.6000000000000001,50,300
0,16,0.2,0.0616092681884765,0.9422288574516556,0.1126391482535167,0.8,50,300
0,16,0.4,0.0490877628326416,1.6776203890428167,0.2044807433948526,0.8,50,300
0,16,0.6000000000000001,0.0420587062835693,2.988360932274193,0.3738970413636767,0.8,50,300
0,16,0.8,0.0425722599029541,1.9999743742607203,0.2450668844715403,0.8,50,300
0,32,0.6000000000000001,0.4505002498626709,3.026917125174955,0.1897900998171218,0.4,300,500
0,16,0.8,0.4270493984222412,0.5877847754966516,0.0732984071084821,0.8,300,500
0,32,0.0,0.0400657653808593,3.935641784836608,0.2412238443921182,0.0,50,150
0,32,0.2,0.0350623130798339,5.18545900527686,0.3292099562387737,0.0,50,150
0,32,0.4,0.0295376777648925,6.83062195710178,0.4297201923548139,0.0,50,150
0,32,0.6000000000000001,0.0240275859832763,10.498914115492951,0.6676548234969522,0.0,50,150
0,32,0.8,0.0211532115936279,20.469990189904173,1.5297823438249605,0.0,50,150
0,32,0.2,0.0370669364929199,4.486352113457297,0.2821256665155636,0.2,50,150
0,32,0.4,0.0311419963836669,6.306353576329089,0.3875652993539724,0.2,50,150
0,32,0.6000000000000001,0.025083303451538,11.59405326137064,0.7273446672591034,0.2,50,150
0,32,0.8,0.0220246315002441,15.708473393847822,1.0090480153727457,0.2,50,150
0,32,0.2,0.0316395759582519,5.94344977767377,0.372658988609344,0.4,50,150
0,32,0.4,0.0330293178558349,5.678318684853529,0.3510389588331065,0.4,50,150
0,32,0.6000000000000001,0.0235357284545898,12.974748652508016,0.8295050611283971,0.4,50,150
0,32,0.8,0.0235457420349121,12.94617597906156,0.8468737069258511,0.4,50,150
0,32,0.2,0.0305430889129638,5.545400654201051,0.344193060352627,0.6000000000000001,50,150
0,32,0.4,0.0246279239654541,9.332999563412336,0.5972103272719299,0.6000000000000001,50,150
0,32,0.6000000000000001,0.0210278034210205,16.335902647754494,1.0817851111251513,0.6000000000000001,50,150
0,32,0.8,0.0225298404693603,11.610945125811025,0.7520685831075324,0.6000000000000001,50,150
0,32,0.2,0.032550573348999,5.709399109838096,0.3583316942339207,0.8,50,150
0,32,0.4,0.0261650085449218,9.596656010494373,0.6148947477448432,0.8,50,150
0,32,0.6000000000000001,0.0215404033660888,16.469216056549904,1.0754832336634852,0.8,50,150
0,32,0.8,0.0230376720428466,11.599067177462985,0.7374226821010302,0.8,50,150
0,32,0.8,0.427804946899414,2.8644513263997005,0.1756028964687808,0.4,300,500
0,32,0.2,0.6057929992675781,1.3348289197765473,0.085073327311114,0.6000000000000001,300,500
0,32,0.4,0.4803309440612793,2.169423352111525,0.1355342702834633,0.6000000000000001,300,500
0,32,0.6000000000000001,0.3989448547363281,3.6444732065700247,0.2267844480466682,0.6000000000000001,300,500
0,32,0.8,0.4291684627532959,2.5940578487757664,0.161214817904246,0.6000000000000001,300,500
0,32,0.2,0.6301915645599365,1.3609853948234594,0.0854907498352429,0.8,300,500
0,32,0.4,0.4849343299865722,2.011090776942408,0.1244182890663243,0.8,300,500
0,32,0.6000000000000001,0.3912999629974365,3.917697248845949,0.2443583012806868,0.8,300,500
0,32,0.8,0.4063780307769775,2.5666871919076275,0.1579773957976905,0.8,300,500
